   ,deal_id                              ,deal_start_ts       ,applicant_name     ,applicant_email               ,applicant_address                  ,applicant_phone_number ,deal_amount ,status    ,deal_end_ts
 0 ,32eca549-c0e3-453d-946a-e2f9b42a0c61 ,2020-04-02 17:00:27 ,Michael Romero     ,nicholas86@example.net        ,"396 Bradford Parkways
                                                                                                                  Erneststad, GA 26478"              ,959-512-5854x2977      ,      37557 ,complete  ,
 1 ,e3c6be1e-3c9b-4807-b46b-80a2107ff17f ,2021-08-02 04:26:02 ,Gregory Burke      ,cody83@example.net            ,"245 Potter Unions
                                                                                                                  Danielbury, RI 40336"              ,321-978-1798x41172     ,      41679 ,complete   ,
 2 ,ff2fe4ba-4255-412f-b830-979165513815 ,2022-11-15 03:51:47 ,Tina Morgan        ,bwood@example.net             ,"22452 White Rest Suite 460
                                                                                                                  Loganmouth, OR 84052"              ,+1-229-587-7472x4332   ,      67314 ,cancelled ,9999-12-31
 3 ,a24471a9-edf6-43d8-8b94-ce72da231002 ,2020-10-17 08:23:45 ,Brenda Salinas     ,psmith@example.net            ,"USNS Porter
                                                                                                                  FPO AA 32578"                      ,+1-517-951-8543x934    ,      99454 ,pending   ,9999-12-31
 4 ,dad6327d-4e9c-4831-a2b5-12134b9eb3f0 ,2022-07-30 03:03:36 ,Mark Brooks        ,cynthiamcbride@example.net    ,"051 Brown Groves
                                                                                                                  New Kiaraborough, PW 44452"        ,825.625.8211           ,      26017 ,cancelled   ,
 5 ,b95a7f11-d3c4-4cce-90ac-82d279007da8 ,2020-07-21 20:19:56 ,Heather Gutierrez  ,tdavidson@example.com         ,"8558 Harris Spurs
                                                                                                                  Wardport, VT 55228"                ,001-717-254-2681       ,      47361 ,complete  ,
 6 ,12685379-13b0-4e70-96cf-2baf5ed5695a ,2021-07-10 07:23:04 ,Amy Conway         ,villanuevaronald@example.com  ,"290 Joseph Overpass Apt. 413
                                                                                                                  Beasleybury, WY 54563"             ,(491)416-0860          ,       4417 ,pending   ,
 7 ,b541cd38-b23d-48ff-b515-891d7a49d078 ,2023-05-03 22:50:33 ,Amber Rasmussen    ,aimee83@example.net           ,"PSC 0250, Box 0354
                                                                                                                  APO AE 64995"                      ,001-498-891-6019x080   ,      37259 ,cancelled ,9999-12-31
 8 ,8918fde2-8939-4557-a169-55d34cc5be36 ,2023-01-05 20:30:03 ,Jennifer Hamilton  ,xdecker@example.org           ,"2548 John Villages Suite 787
                                                                                                                  Reyeschester, PA 76019"            ,222.690.4720x201       ,      96923 ,complete  ,9999-12-31
 9 ,86de8b6c-8b61-4123-b07c-dedb874b6441 ,2022-03-21 16:06:17 ,Jamie Long         ,george29@example.org          ,"88154 Vasquez Pine
                                                                                                                  North Krystal, TX 49777"           ,001-271-981-8062x96099 ,      84645 ,pending   ,9999-12-31
10 ,10400550-9719-48fc-af97-09f265478e55 ,2023-02-12 04:28:20 ,Paul Rivera        ,cford@example.org             ,"42861 Earl Pass Apt. 709
                                                                                                                  Zhangmouth, MT 69177"              ,4569362309             ,      15894 ,complete  ,
11 ,b6b256bf-f10d-4f53-9c40-f4b828306e47 ,2021-03-15 17:00:14 ,Michael Morales    ,zcameron@example.org          ,"681 Sharon Mountains Apt. 117
                                                                                                                  Christophermouth, DE 73328"        ,277.809.8449           ,      11731 ,pending   ,
12 ,d31a1e19-5832-419e-8e59-ff795796d302 ,2023-05-23 12:59:21 ,Hannah Thompson    ,martinkristen@example.net     ,"8702 Bobby Islands Suite 643
                                                                                                                  Taylorfort, MD 81393"              ,(203)643-5990          ,      53878 ,cancelled ,
13 ,6b9ff541-ecba-4092-9ca8-ceb9db95a620 ,2021-12-21 12:30:05 ,Tracey Smith       ,rodriguezjohn@example.net     ,"65027 Molly Meadow Suite 660
                                                                                                                  Hursthaven, MH 50335"              ,+1-726-289-2238x2968   ,      78142 ,pending   ,
14 ,25e5a994-b352-4260-809a-8239dd6a5e48 ,2022-09-16 09:16:53 ,Sierra Pope        ,stephanierowe@example.com     ,"113 Horne Brook
                                                                                                                  South Franciscoton, VI 45700"      ,616-372-5322           ,       6109 ,cancelled ,9999-12-31
15 ,c21e6eeb-6697-49f5-ae46-3be78900e084 ,2020-12-20 03:15:52 ,Carrie Cortez      ,greencarl@example.com         ,"5405 Ellis Club
                                                                                                                  New Kelly, AS 89819"               ,693-773-3129           ,      28750 ,complete  ,9999-12-31
16 ,92dbe7e7-b6cf-44c4-9fc3-8dfb4c0ac369 ,2021-05-23 15:19:00 ,Donald Wong        ,joseph96@example.net          ,"248 Torres Pines Suite 939
                                                                                                                  Lewisfurt, NC 29662"               ,+1-373-447-9562x784    ,      80195 ,pending   ,9999-12-31
17 ,9d5dc9ce-fb9a-445d-8735-0a5d226b83ba ,2020-08-23 00:09:38 ,Krista Cook        ,epierce@example.org           ,"272 Diana Locks
                                                                                                                  North Williamborough, WY 13758"    ,446.496.1997           ,      83504 ,complete  ,
18 ,2975d662-eb23-4655-a3f8-f92ee55bbc6d ,2021-09-10 17:31:31 ,Kevin Winters      ,davidstout@example.com        ,"597 Jason Stravenue Suite 196
                                                                                                                  West Barbaraborough, VT 90854"     ,(561)930-6989          ,      86153 ,pending   ,9999-12-31
19 ,ebbbad9e-4179-4232-9abe-08e8787a238a ,2023-09-11 18:48:19 ,Michael Ross       ,kweber@example.net            ,"298 Roberts Locks
                                                                                                                  New Sean, MO 06162"                ,001-639-319-2474x53247 ,      48572 ,cancelled ,
20 ,b7f85e43-0a42-44ad-a032-b65ba554e4bf ,2023-08-26 02:01:01 ,Joseph Shaw        ,goodmichael@example.net       ,"71513 Williams Shoal
                                                                                                                  West Alyssabury, MD 55195"         ,+1-597-505-4425x2163   ,      26910 ,cancelled ,9999-12-31
21 ,b9dfaa3f-d3af-4c40-b7c9-ed00d02513ac ,2022-04-16 06:31:21 ,Stephanie Dalton   ,zperez@example.com            ,"81625 Diaz Creek Apt. 124
                                                                                                                  Lake Beverly, NV 77110"            ,682.710.4428x45746     ,       7466 ,complete  ,9999-12-31
22 ,193ac0dc-ed24-4cdc-a9e8-817405f027f7 ,2023-05-13 16:32:02 ,Robert Rogers      ,rwolfe@example.org            ,"Unit 8870 Box 8967
                                                                                                                  DPO AA 55103"                      ,(975)326-2883x2793     ,      27571 ,pending   ,
23 ,e9215756-ca0d-4537-a59c-5dbf9fe95d70 ,2023-07-12 08:48:22 ,Ryan Wilkins       ,ihumphrey@example.net         ,"2923 Taylor Well
                                                                                                                  Warrenborough, AK 76549"           ,+1-320-618-5442x98027  ,      87048 ,complete  ,9999-12-31
24 ,1d7620ef-2cae-48ca-852e-4d3dc2419638 ,2021-12-30 03:37:16 ,Joshua Combs       ,owilliams@example.com         ,"2969 Joseph Light
                                                                                                                  South Cynthia, ME 14088"           ,001-377-740-6749x100   ,      67305 ,complete  ,9999-12-31
25 ,eee7939c-717c-4c9a-a57d-59b07411135b ,2023-07-07 22:10:28 ,Dustin Glenn       ,jordanlopez@example.com       ,"26308 Logan Tunnel
                                                                                                                  Kimberlyton, CA 49628"             ,996-948-5972x908       ,      83320 ,pending   ,
26 ,14d53414-d1d4-4509-a692-1e3720af17a7 ,2022-12-10 14:20:09 ,James Woods        ,onorton@example.net           ,"99313 Eric Hollow
                                                                                                                  Tonyamouth, DE 27954"              ,497-207-4115x0534      ,      96982 ,pending   ,9999-12-31
27 ,003e6540-7c19-40da-9841-be17f7c573bd ,2020-07-26 00:14:17 ,Gregory Clark      ,emilyhartman@example.com      ,"935 Cox Haven
                                                                                                                  Houstonborough, ME 19475"          ,+1-477-472-2703x46774  ,      21881 ,cancelled ,
28 ,2653e156-d168-4458-bcba-af4896d00848 ,2020-04-21 22:31:59 ,Christopher Miller ,wernerjeffrey@example.net     ,"27393 Hill Coves
                                                                                                                  Davidshire, MT 85754"              ,691.297.5529x607       ,      29179 ,cancelled ,9999-12-31
29 ,d5201532-2fca-4013-9e16-2b9256886edf ,2022-10-13 13:33:41 ,Sarah Jackson      ,vaughandanielle@example.org   ,"557 Lee Centers
                                                                                                                  South Andreaside, MO 71314"        ,001-597-591-1203x43280 ,      17647 ,pending   ,9999-12-31
30 ,3dabb267-4f79-4261-8b54-b96915e36204 ,2020-09-23 17:15:04 ,Maria Crawford     ,halljennifer@example.com      ,"67748 Stacey Neck Suite 639
                                                                                                                  Port Nathanville, VA 05972"        ,(771)750-1562x7737     ,      47672 ,cancelled ,9999-12-31
31 ,19ba2943-826f-479e-8e58-a85bae23a932 ,2020-09-14 19:11:53 ,Michael Crawford   ,vferrell@example.org          ,"8214 Hoffman Green
                                                                                                                  Kristytown, HI 62621"              ,335.757.5496x1718      ,       8410 ,pending   ,
32 ,f4504ef3-04bb-44b2-91c9-5180dea15660 ,2023-07-09 12:26:56 ,Stephen Rice DDS   ,sandersashley@example.com     ,"USNV Robbins
                                                                                                                  FPO AA 65704"                      ,431-351-4878           ,      46699 ,complete  ,
33 ,d6dba75b-27a7-4701-9e9f-1dc50723cc15 ,2022-09-06 19:59:15 ,Shannon Holmes     ,kimberlyrodriguez@example.org ,"59683 Debra Overpass Suite 433
                                                                                                                  South Kyle, CA 19090"              ,7279387466             ,      46353 ,cancelled ,
34 ,b3af1b01-c117-4271-a319-210811a18c73 ,2020-09-22 06:02:25 ,Sandra Salas       ,beltrankatrina@example.org    ,"690 Green Mountain
                                                                                                                  Grantmouth, MT 22785"              ,(447)545-6375x327      ,      84545 ,complete  ,9999-12-31
35 ,b955eaeb-ea44-4f60-be69-7ed08c956ca2 ,2022-02-22 15:51:16 ,Denise Webb        ,sarahgibson@example.com       ,"705 Michael Tunnel
                                                                                                                  Port Donald, WV 26955"             ,+1-395-809-3488x0406   ,      12698 ,complete  ,
36 ,ed45095b-1242-44cf-85c1-5e486d7f059c ,2022-06-29 05:04:42 ,Brittany Rangel    ,andersonamy@example.net       ,"075 Carol Mountain Suite 983
                                                                                                                  Port Dustin, WY 14243"             ,7354759003             ,      13027 ,cancelled ,
37 ,01f3b4a6-bf09-46fa-abd0-108577a2b010 ,2021-08-15 02:38:24 ,Peter Cooper       ,ericaflowers@example.net      ,"743 Simmons Village Suite 985
                                                                                                                  New Andrea, WI 64555"              ,681-956-5130x59858     ,      82226 ,pending   ,9999-12-31
38 ,4ccacd51-5150-4a54-861f-fd6140c441b0 ,2024-01-07 20:46:07 ,Brian Leon         ,lharding@example.net          ,"15496 Lauren Corner
                                                                                                                  Hoganland, NM 77278"               ,+1-924-218-8770x1456   ,      65767 ,complete  ,
39 ,650cd724-71b1-474b-875b-00ffb1bcd425 ,2020-06-10 02:20:55 ,Brittany Mcbride   ,kgreen@example.com            ,"0139 Gary Drives
                                                                                                                  Buckshire, IL 95002"               ,8356218156             ,      70976 ,complete  ,
40 ,58ba14ed-ea0a-4059-bdbf-62eed4620b19 ,2020-03-17 02:34:24 ,Erin Phillips      ,priley@example.org            ,"8797 Banks Burg
                                                                                                                  Destinyside, AS 63270"             ,442.261.1183           ,      23687 ,complete  ,
41 ,deda8d3e-adfc-4da0-82b7-321ba4e396e4 ,2021-12-22 02:57:22 ,Thomas Perry       ,campbelltracy@example.com     ,"PSC 7630, Box 5107
                                                                                                                  APO AA 56562"                      ,631.771.4692x8198      ,      55968 ,complete  ,9999-12-31
42 ,fa98d72a-dee4-4e4d-bc6e-8c2e64940cb4 ,2022-07-04 15:40:25 ,Michelle Rice      ,michael08@example.net         ,"93502 Taylor Center
                                                                                                                  Susanburgh, FL 12165"              ,001-782-749-7377x4645  ,      90027 ,pending   ,9999-12-31
43 ,2eef683a-e073-4d9f-ad89-740b56a29136 ,2021-05-27 08:53:26 ,Michael Jordan     ,edwardelliott@example.com     ,"42270 Oscar Trail Apt. 539
                                                                                                                  Sullivanland, FL 26412"            ,001-243-940-1017x364   ,      87870 ,complete  ,9999-12-31
44 ,1e2e9738-549f-4a3b-89be-8dea7b3fbc41 ,2022-12-06 00:30:12 ,Kristin Robertson  ,bturner@example.org           ,"594 Martinez Vista
                                                                                                                  East Pamelahaven, VT 90028"        ,479.312.6123x3118      ,       7032 ,cancelled ,9999-12-31
45 ,c58e9d61-0bf9-46e2-946e-133dd77ba1fe ,2021-03-19 21:30:12 ,Dalton Johnson     ,durankenneth@example.org      ,"62743 Glen Tunnel
                                                                                                                  Sampsontown, ID 47935"             ,001-895-520-8866       ,      29909 ,pending   ,
46 ,bb34214f-e579-481d-9da8-6b01a0a6ff06 ,2020-06-16 04:55:35 ,Donald Nguyen      ,huynhsamantha@example.com     ,"364 Hunt Ferry Suite 993
                                                                                                                  East Linda, NM 39569"              ,001-843-683-4825x2342  ,      37794 ,pending   ,
47 ,8f12521f-52c3-47f7-ba80-406d5958980d ,2023-09-30 21:53:02 ,Jose Meadows       ,cynthia69@example.net         ,"Unit 1659 Box 0673
                                                                                                                  DPO AA 65725"                      ,971.490.2867           ,      26831 ,complete  ,
48 ,20a1dd24-cc14-4e5d-87da-b6be14693cd9 ,2020-11-12 17:31:26 ,William Davis      ,perrynancy@example.org        ,"866 Robbins Overpass Apt. 650
                                                                                                                  Lake Annette, MT 77310"            ,325-489-4820           ,      77689 ,pending   ,
49 ,54face52-5829-4c60-a512-fb1e1e74180a ,2021-02-13 05:32:59 ,Crystal Baldwin    ,hrusso@example.net            ,"11283 Wright Roads Apt. 434
                                                                                                                  Markmouth, AK 47189"               ,332-744-0604x70151     ,      93054 ,pending   ,9999-12-31
50 ,b11087b5-b75e-44a3-9018-7f710246eae2 ,2021-05-09 16:38:25 ,April Velez        ,jamesbailey@example.com       ,"98638 Flores Valley Suite 257
                                                                                                                  South Mary, KS 83131"              ,+1-950-408-3696        ,      74136 ,cancelled ,9999-12-31
51 ,cc80330f-a912-461a-ad85-e47eb52573da ,2021-10-27 22:30:01 ,Dr. Stacy Jones    ,williambrown@example.net      ,"4501 David Bypass Apt. 674
                                                                                                                  Shermanside, DE 63715"             ,(994)765-5782          ,      28922 ,complete  ,9999-12-31
52 ,02f59ff1-547e-4eac-9e07-0ad93bcfee30 ,2022-02-26 08:25:16 ,Julie Maddox       ,ellisonjennifer@example.com   ,"272 Anderson Expressway
                                                                                                                  Ericstad, KY 00601"                ,001-361-629-0794       ,      32670 ,pending   ,
53 ,602db6c0-d664-4c27-ba36-8041c7c216a3 ,2022-04-16 21:30:43 ,Glenda Lewis       ,walkerjohnny@example.com      ,"242 Smith Land Suite 336
                                                                                                                  Martinezville, SD 20105"           ,397-765-8004           ,      67567 ,pending   ,
54 ,b9353638-bf55-493d-b9af-d826ce2b02d3 ,2023-12-26 12:13:32 ,Kerry Drake        ,ckelly@example.com            ,"0425 Garcia Locks
                                                                                                                  Brooketon, MN 70223"               ,490.224.3474x7197      ,      33175 ,pending   ,
55 ,ccd242f4-998d-4b05-b0cb-838b8035d45c ,2021-07-13 02:41:03 ,William Cook       ,tom36@example.com             ,"1169 Miller Square Apt. 319
                                                                                                                  North Dawn, MA 31125"              ,592.944.7661x7447      ,      42319 ,complete  ,9999-12-31
56 ,730ed197-49d6-440f-a3c7-9d383d586a49 ,2021-01-13 14:14:23 ,Barbara Johnson    ,jessicabishop@example.com     ,"573 Bennett Mill Suite 573
                                                                                                                  West Mary, GU 98241"               ,6364063674             ,      81291 ,complete  ,
57 ,fc8f728f-80a0-467d-9793-c95934a97311 ,2021-09-03 02:33:08 ,Hannah Lewis       ,gutierrezjoshua@example.org   ,"Unit 9346 Box 0490
                                                                                                                  DPO AA 97252"                      ,471-690-2300           ,      60076 ,cancelled ,
58 ,058725eb-4b8d-4561-9261-e635ae0ea479 ,2020-02-26 05:34:20 ,Lori Warren        ,nicoleharvey@example.net      ,"4581 Ashley Turnpike Suite 526
                                                                                                                  Robinborough, OK 89311"            ,+1-489-331-1823x738    ,      82546 ,pending   ,
59 ,bf9eb027-1264-4b9c-b753-19b67141828b ,2020-05-10 06:43:59 ,Darrell Doyle      ,pwilkins@example.net          ,"59512 Valencia Pine Apt. 248
                                                                                                                  Lake Misty, WY 45085"              ,+1-951-538-4087        ,      96756 ,cancelled ,
60 ,ceb5d2de-b8b9-4a38-8e64-6bd49abdc2fd ,2020-03-20 19:49:54 ,Andrew Smith       ,brownsonya@example.org        ,"83720 Robinson Stream
                                                                                                                  East Laura, MS 62855"              ,(658)502-1684x221      ,      74884 ,pending   ,
61 ,eebe4508-881a-4b41-9193-1fb82db2ab35 ,2024-01-30 01:45:10 ,Craig Walters DVM  ,wolflarry@example.org         ,"4887 Rodriguez Locks Apt. 473
                                                                                                                  West Alexander, NH 80508"          ,001-212-405-1415x0323  ,      86292 ,cancelled ,9999-12-31
62 ,73f1c8b9-4c88-40b2-9d07-e7d13fc67453 ,2022-09-07 05:11:29 ,Bobby Sharp        ,anthonysoto@example.com       ,"6339 Maurice Trail Apt. 394
                                                                                                                  East Brian, VT 69980"              ,+1-375-248-9985x321    ,      73701 ,cancelled ,9999-12-31
63 ,fcd7bdf0-1340-4cbc-acc6-b96475044e77 ,2021-04-29 01:04:26 ,Robert Ortiz       ,cortezwhitney@example.org     ,"11044 Vincent Branch
                                                                                                                  West Ashley, MI 14134"             ,422-970-3335x3976      ,      98095 ,pending   ,9999-12-31
64 ,b340b2d4-5d54-4a9e-aec0-6177513f88d0 ,2020-09-18 04:24:38 ,Mary Campbell      ,johnhuffman@example.com       ,"18839 Arroyo Brooks
                                                                                                                  Murraychester, DC 35256"           ,502.784.0765           ,      40089 ,pending   ,9999-12-31
65 ,24478100-d645-458b-baa5-5327f9083b80 ,2023-10-20 06:52:53 ,Jennifer Hall      ,amy36@example.com             ,"907 Angela Harbors
                                                                                                                  Reedton, SD 34920"                 ,(484)209-1069x42228    ,      45381 ,pending   ,9999-12-31
66 ,6c64bd9d-13f1-4a60-9c45-d49fb169d0f7 ,2020-04-04 17:17:59 ,Kiara Morris       ,charles39@example.net         ,"06870 Lee Hill
                                                                                                                  Rodneyland, MD 44341"              ,001-537-698-4358       ,      81192 ,complete  ,9999-12-31
67 ,9240508f-d707-4124-84cb-b5d3b54c9fb0 ,2020-12-26 06:51:50 ,Christopher Brown  ,ahughes@example.org           ,"31188 Robyn Falls Apt. 899
                                                                                                                  Catherinechester, PA 66231"        ,+1-478-833-2480x11540  ,      83563 ,cancelled ,9999-12-31
68 ,52a6a2d7-99df-4622-ae17-d46dcae5adb7 ,2020-03-01 14:57:26 ,Deanna Holland     ,christopher06@example.org     ,"3177 Paul Points Suite 789
                                                                                                                  Jackiefurt, FL 48183"              ,866-671-1477x2330      ,      81409 ,complete  ,
69 ,fcd4af64-0329-4a4a-8af4-85420d7a9c49 ,2022-02-02 09:24:29 ,Tanya Graham       ,harrellbradley@example.org    ,"9163 Alan Crest Apt. 565
                                                                                                                  North Valeriechester, DE 51004"    ,001-696-577-2592x47468 ,      20272 ,pending   ,
70 ,8e4466ea-f26b-4461-920d-0fc4de58c127 ,2023-03-03 00:02:41 ,Brittany Vazquez   ,josephhall@example.org        ,"73330 Reed Trail Suite 135
                                                                                                                  Kaylaburgh, KY 71799"              ,580-501-3983x74354     ,      11097 ,pending   ,
71 ,ca0f81a9-828c-4b78-9870-be72655db857 ,2022-10-31 18:58:18 ,Donald King        ,houstonsummer@example.net     ,"37188 Woodward Mission Apt. 217
                                                                                                                  Kellyborough, NV 05180"            ,322.835.9582x03071     ,      68784 ,cancelled ,9999-12-31
72 ,fd64c2ac-2e96-47d2-bb99-5f948725e14b ,2022-08-07 22:23:14 ,Alicia Butler      ,xsmith@example.org            ,"USS Tran
                                                                                                                  FPO AA 14590"                      ,001-432-277-7634x50968 ,      32788 ,pending   ,
73 ,cb4e5a7a-fea6-47ff-8831-2179d96dc01d ,2022-09-05 19:58:04 ,Stephanie Wilson   ,garciasheryl@example.net      ,"254 Christina Brooks Suite 264
                                                                                                                  Michaeltown, NV 65339"             ,(268)935-6736x5350     ,      71858 ,complete  ,9999-12-31
74 ,caa35ff5-2553-4509-b60e-e3c2c8bb443a ,2022-09-22 01:07:43 ,Dana Rojas         ,oharris@example.net           ,"249 Kenneth Roads
                                                                                                                  South Paul, VI 98120"              ,259.717.2164x0089      ,      68845 ,cancelled ,9999-12-31
75 ,54601ca4-c1e0-47c1-91bb-ebfe68374819 ,2021-02-20 14:47:24 ,Dylan Roberson     ,alexander56@example.com       ,"435 Stacey Glens
                                                                                                                  New Kevinton, OR 20428"            ,3537025312             ,      44644 ,complete  ,
76 ,0b1704f3-48a8-4e82-bb7f-ae41ff8cd58c ,2022-08-05 06:07:36 ,Shane Collier      ,phillip15@example.org         ,"374 Allen Springs
                                                                                                                  East Brandyhaven, CA 84029"        ,(669)592-1406          ,       8270 ,cancelled ,
77 ,1ee889eb-a3e7-4e2b-881d-9670c531da31 ,2020-01-11 12:37:52 ,Joshua Coleman     ,fryewilliam@example.org       ,"9114 Kathleen Extensions Apt. 275
                                                                                                                  Larryfort, WV 81880"               ,+1-612-924-3268x4718   ,      96412 ,pending   ,
78 ,6b5e8ac0-5ff1-4608-b99c-832f29940abb ,2022-10-30 19:32:51 ,Steven Rodriguez   ,brendamurphy@example.com      ,"21510 Buck Harbor Suite 621
                                                                                                                  Mooreside, MH 45247"               ,(769)367-6590x17673    ,      26523 ,complete  ,
79 ,8ae5a10b-47ca-417d-8c4e-c3eb33f983f5 ,2022-10-30 21:12:54 ,Susan Rose         ,simsmichael@example.com       ,"9570 Claudia Burg Apt. 980
                                                                                                                  Reidville, AS 39742"               ,661.270.4259x18817     ,      75680 ,cancelled ,9999-12-31
80 ,ff0cfe7d-d3d1-4cb3-b71e-47b771abb163 ,2020-06-29 10:39:28 ,William Freeman    ,bshaffer@example.org          ,"89406 William Cliffs
                                                                                                                  East Eric, KS 09372"               ,001-245-731-9453       ,      30675 ,cancelled ,
81 ,08e41703-0ed9-4f8c-b7bc-a7ad24b913af ,2022-07-27 21:49:44 ,Brandon Kelly      ,solomonkimberly@example.net   ,"14871 Rodriguez Fields
                                                                                                                  Sandrafort, NV 43963"              ,001-947-350-3614x161   ,      93823 ,pending   ,9999-12-31
82 ,bea33326-9e58-42d4-a8d0-04be2e627b1b ,2021-09-02 16:48:53 ,Charles King       ,samuel83@example.com          ,"797 Lucas Locks Apt. 023
                                                                                                                  Port Samanthabury, MO 42575"       ,210-331-3028x0632      ,       3984 ,complete  ,9999-12-31
83 ,4eec94a9-8170-482d-ab18-3830f0bddc42 ,2022-09-10 12:12:36 ,Kim Kirk           ,lori39@example.org            ,"5336 Bridget Motorway
                                                                                                                  Joseshire, SC 06803"               ,+1-492-882-2302        ,      79971 ,complete  ,9999-12-31
84 ,d56b6d04-389d-4a6e-9e93-c591fd847a4b ,2022-11-11 02:50:27 ,Robert Bray        ,reginaldbennett@example.com   ,"8811 Wallace View
                                                                                                                  Scotttown, AS 38446"               ,(235)720-1262x158      ,      45950 ,pending   ,
85 ,0a8e3e6b-3e6a-48b9-a5d9-fc2fe26a401d ,2023-09-05 14:55:56 ,Kevin Harrington   ,vaughnalison@example.net      ,"98756 Mark Camp
                                                                                                                  Bridgesfort, MH 41910"             ,001-695-474-3517x471   ,      63824 ,complete  ,
86 ,eb12be4b-c769-4548-934f-6d67f046e760 ,2021-04-06 22:42:54 ,John Jones         ,poncedavid@example.net        ,"713 Walter Pike Apt. 063
                                                                                                                  Haneyberg, AL 80699"               ,475-855-0279           ,       3971 ,cancelled ,9999-12-31
87 ,ba5f2607-46c4-4ee9-b4f1-18d992faf2b4 ,2022-01-28 10:10:30 ,Lori Wiggins       ,ashley14@example.net          ,"705 Caroline Views Suite 953
                                                                                                                  East Howard, MD 62584"             ,+1-491-670-6892x599    ,      72956 ,complete  ,9999-12-31
88 ,d69783d9-9608-475f-af7d-a1d80438b2bf ,2023-05-29 11:31:00 ,Cheyenne Trujillo  ,shawn74@example.net           ,"Unit 7054 Box 4030
                                                                                                                  DPO AA 18515"                      ,653-743-8818x276       ,       2274 ,complete  ,
89 ,fb3215f1-e0a0-4402-ab90-c7831ef93d46 ,2022-05-24 20:51:18 ,Gregory Fisher     ,jeffrodriguez@example.org     ,"492 William Causeway Apt. 417
                                                                                                                  Cookchester, AL 22099"             ,599.277.0238           ,      11356 ,pending   ,9999-12-31
90 ,4d8a0505-1d13-4892-9aab-7b09f2cc8079 ,2023-02-08 16:18:34 ,Kimberly Hernandez ,jeremiah82@example.org        ,"7692 Lewis Viaduct
                                                                                                                  Port Michealview, LA 36562"        ,+1-815-735-1923x3813   ,      99566 ,complete  ,9999-12-31
91 ,23dbfdf9-5267-431c-aa26-bccc90faa6b6 ,2023-08-29 14:50:19 ,George Neal        ,gregory82@example.com         ,"335 Fernandez Harbor Suite 555
                                                                                                                  Bradleyport, KY 79531"             ,001-685-861-3450x92988 ,      19644 ,pending   ,9999-12-31
92 ,55154c11-783e-476d-b5fd-77d001f17ebb ,2020-09-24 12:26:14 ,Philip Lamb        ,steven92@example.com          ,"59599 Carter Fall Suite 507
                                                                                                                  South Nicolefort, ME 92221"        ,944-234-5585           ,      52476 ,pending   ,
93 ,000747ab-abd6-477d-bccf-f5341e036e90 ,2022-04-15 07:17:46 ,Sara Brewer        ,ryancarr@example.net          ,"718 Cynthia Lodge Apt. 813
                                                                                                                  Amymouth, MH 83579"                ,(669)692-2970x36989    ,      59245 ,cancelled ,9999-12-31
94 ,c6d57e24-3271-4174-859c-f31446a5e23a ,2023-12-26 14:01:13 ,Sharon Smith       ,williamlee@example.org        ,"7290 Gregory Ferry Suite 998
                                                                                                                  Schneidermouth, PR 87737"          ,414.764.1726x350       ,      28289 ,pending   ,9999-12-31
95 ,7b91cc70-d1e3-4db5-8705-04c5d304aac3 ,2022-04-27 16:29:42 ,Laurie Adams       ,sandrawilliamson@example.com  ,"6018 Flores Gardens Suite 189
                                                                                                                  North Jessica, NM 43059"           ,(531)879-7125          ,      75480 ,complete  ,9999-12-31
96 ,d8fa20bd-e309-4a69-b392-22c09e09d37e ,2021-02-21 04:31:45 ,John Castro        ,mariah92@example.org          ,"600 Kyle Expressway Suite 852
                                                                                                                  Cardenasland, PR 18262"            ,(618)543-5961          ,      77763 ,cancelled ,9999-12-31
97 ,7a8d1432-77fd-407f-8136-29dc8853e350 ,2022-12-21 15:45:31 ,Jason Blackwell    ,bauerjoshua@example.net       ,"543 Ian Brook Suite 328
                                                                                                                  North Jeffreychester, VI 83443"    ,807-597-0711x31543     ,       4788 ,cancelled ,9999-12-31
98 ,53f675b1-8641-4b71-bdc0-e9d66759cb3f ,2021-08-28 01:59:58 ,Ryan Le            ,andrewjohnson@example.org     ,"0882 Jonathan Cliffs
                                                                                                                  North Lisamouth, ID 49905"         ,638.976.1938x900       ,      36439 ,pending   ,9999-12-31
99 ,105e5885-f752-4a51-8187-f93a8e68a9c2 ,2020-01-13 02:22:26 ,Dr. Jordan Cooper  ,herrerarobert@example.org     ,"38800 Kelly Circles Apt. 436
                                                                                                                  Juanburgh, NY 78613"               ,001-241-858-4157x627   ,      46425 ,cancelled ,9999-12-31
